"Freq [GHz]","02pzXex_hy_re [mV] - ex_hy='1' ex_hz='0' ex_nhy='0' ex_nhz='0' ey_hx='0' ey_hz='0' ey_nhx='0' ey_nhz='0' ez_hx='0' ez_hy='0' ez_nhx='0' ez_nhy='0' Phi='0deg' Theta='0deg'","03pzXex_hy_im [mV] - ex_hy='1' ex_hz='0' ex_nhy='0' ex_nhz='0' ey_hx='0' ey_hz='0' ey_nhx='0' ey_nhz='0' ez_hx='0' ez_hy='0' ez_nhx='0' ez_nhy='0' Phi='0deg' Theta='0deg'","04mzXex_hy_re [mV] - ex_hy='1' ex_hz='0' ex_nhy='0' ex_nhz='0' ey_hx='0' ey_hz='0' ey_nhx='0' ey_nhz='0' ez_hx='0' ez_hy='0' ez_nhx='0' ez_nhy='0' Phi='0deg' Theta='180deg'","05mzXex_hy_im [mV] - ex_hy='1' ex_hz='0' ex_nhy='0' ex_nhz='0' ey_hx='0' ey_hz='0' ey_nhx='0' ey_nhz='0' ez_hx='0' ez_hy='0' ez_nhx='0' ez_nhy='0' Phi='0deg' Theta='180deg'","06pzXex_nhy_re [mV] - ex_hy='0' ex_hz='0' ex_nhy='1' ex_nhz='0' ey_hx='0' ey_hz='0' ey_nhx='0' ey_nhz='0' ez_hx='0' ez_hy='0' ez_nhx='0' ez_nhy='0' Phi='0deg' Theta='0deg'","07pzXex_nhy_im [mV] - ex_hy='0' ex_hz='0' ex_nhy='1' ex_nhz='0' ey_hx='0' ey_hz='0' ey_nhx='0' ey_nhz='0' ez_hx='0' ez_hy='0' ez_nhx='0' ez_nhy='0' Phi='0deg' Theta='0deg'","08mzXex_nhy_re [mV] - ex_hy='0' ex_hz='0' ex_nhy='1' ex_nhz='0' ey_hx='0' ey_hz='0' ey_nhx='0' ey_nhz='0' ez_hx='0' ez_hy='0' ez_nhx='0' ez_nhy='0' Phi='0deg' Theta='180deg'","09mzXex_nhy_im [mV] - ex_hy='0' ex_hz='0' ex_nhy='1' ex_nhz='0' ey_hx='0' ey_hz='0' ey_nhx='0' ey_nhz='0' ez_hx='0' ez_hy='0' ez_nhx='0' ez_nhy='0' Phi='0deg' Theta='180deg'","10pzYex_hy_re [mV] - ex_hy='1' ex_hz='0' ex_nhy='0' ex_nhz='0' ey_hx='0' ey_hz='0' ey_nhx='0' ey_nhz='0' ez_hx='0' ez_hy='0' ez_nhx='0' ez_nhy='0' Phi='0deg' Theta='0deg'","11pzYex_hy_im [mV] - ex_hy='1' ex_hz='0' ex_nhy='0' ex_nhz='0' ey_hx='0' ey_hz='0' ey_nhx='0' ey_nhz='0' ez_hx='0' ez_hy='0' ez_nhx='0' ez_nhy='0' Phi='0deg' Theta='0deg'","12mzYex_hy_re [mV] - ex_hy='1' ex_hz='0' ex_nhy='0' ex_nhz='0' ey_hx='0' ey_hz='0' ey_nhx='0' ey_nhz='0' ez_hx='0' ez_hy='0' ez_nhx='0' ez_nhy='0' Phi='0deg' Theta='180deg'","13mzYex_hy_im [mV] - ex_hy='1' ex_hz='0' ex_nhy='0' ex_nhz='0' ey_hx='0' ey_hz='0' ey_nhx='0' ey_nhz='0' ez_hx='0' ez_hy='0' ez_nhx='0' ez_nhy='0' Phi='0deg' Theta='180deg'","14pzYex_nhy_re [mV] - ex_hy='0' ex_hz='0' ex_nhy='1' ex_nhz='0' ey_hx='0' ey_hz='0' ey_nhx='0' ey_nhz='0' ez_hx='0' ez_hy='0' ez_nhx='0' ez_nhy='0' Phi='0deg' Theta='0deg'","15pzYex_nhy_im [mV] - ex_hy='0' ex_hz='0' ex_nhy='1' ex_nhz='0' ey_hx='0' ey_hz='0' ey_nhx='0' ey_nhz='0' ez_hx='0' ez_hy='0' ez_nhx='0' ez_nhy='0' Phi='0deg' Theta='0deg'","16mzYex_nhy_re [mV] - ex_hy='0' ex_hz='0' ex_nhy='1' ex_nhz='0' ey_hx='0' ey_hz='0' ey_nhx='0' ey_nhz='0' ez_hx='0' ez_hy='0' ez_nhx='0' ez_nhy='0' Phi='0deg' Theta='180deg'","17mzYex_nhy_im [mV] - ex_hy='0' ex_hz='0' ex_nhy='1' ex_nhz='0' ey_hx='0' ey_hz='0' ey_nhx='0' ey_nhz='0' ez_hx='0' ez_hy='0' ez_nhx='0' ez_nhy='0' Phi='0deg' Theta='180deg'","18pzXey_hx_re [mV] - ex_hy='0' ex_hz='0' ex_nhy='0' ex_nhz='0' ey_hx='1' ey_hz='0' ey_nhx='0' ey_nhz='0' ez_hx='0' ez_hy='0' ez_nhx='0' ez_nhy='0' Phi='0deg' Theta='0deg'","19pzXey_hx_im [mV] - ex_hy='0' ex_hz='0' ex_nhy='0' ex_nhz='0' ey_hx='1' ey_hz='0' ey_nhx='0' ey_nhz='0' ez_hx='0' ez_hy='0' ez_nhx='0' ez_nhy='0' Phi='0deg' Theta='0deg'","20mzXey_hx_re [mV] - ex_hy='0' ex_hz='0' ex_nhy='0' ex_nhz='0' ey_hx='1' ey_hz='0' ey_nhx='0' ey_nhz='0' ez_hx='0' ez_hy='0' ez_nhx='0' ez_nhy='0' Phi='0deg' Theta='180deg'","21mzXey_hx_im [mV] - ex_hy='0' ex_hz='0' ex_nhy='0' ex_nhz='0' ey_hx='1' ey_hz='0' ey_nhx='0' ey_nhz='0' ez_hx='0' ez_hy='0' ez_nhx='0' ez_nhy='0' Phi='0deg' Theta='180deg'","22pzXey_nhx_re [mV] - ex_hy='0' ex_hz='0' ex_nhy='0' ex_nhz='0' ey_hx='0' ey_hz='0' ey_nhx='1' ey_nhz='0' ez_hx='0' ez_hy='0' ez_nhx='0' ez_nhy='0' Phi='0deg' Theta='0deg'","23pzXey_nhx_im [mV] - ex_hy='0' ex_hz='0' ex_nhy='0' ex_nhz='0' ey_hx='0' ey_hz='0' ey_nhx='1' ey_nhz='0' ez_hx='0' ez_hy='0' ez_nhx='0' ez_nhy='0' Phi='0deg' Theta='0deg'","24mzXey_nhx_re [mV] - ex_hy='0' ex_hz='0' ex_nhy='0' ex_nhz='0' ey_hx='0' ey_hz='0' ey_nhx='1' ey_nhz='0' ez_hx='0' ez_hy='0' ez_nhx='0' ez_nhy='0' Phi='0deg' Theta='180deg'","25mzXey_nhx_im [mV] - ex_hy='0' ex_hz='0' ex_nhy='0' ex_nhz='0' ey_hx='0' ey_hz='0' ey_nhx='1' ey_nhz='0' ez_hx='0' ez_hy='0' ez_nhx='0' ez_nhy='0' Phi='0deg' Theta='180deg'","26pzYey_hx_re [mV] - ex_hy='0' ex_hz='0' ex_nhy='0' ex_nhz='0' ey_hx='1' ey_hz='0' ey_nhx='0' ey_nhz='0' ez_hx='0' ez_hy='0' ez_nhx='0' ez_nhy='0' Phi='0deg' Theta='0deg'","27pzYey_hx_im [mV] - ex_hy='0' ex_hz='0' ex_nhy='0' ex_nhz='0' ey_hx='1' ey_hz='0' ey_nhx='0' ey_nhz='0' ez_hx='0' ez_hy='0' ez_nhx='0' ez_nhy='0' Phi='0deg' Theta='0deg'","28mzYey_hx_re [mV] - ex_hy='0' ex_hz='0' ex_nhy='0' ex_nhz='0' ey_hx='1' ey_hz='0' ey_nhx='0' ey_nhz='0' ez_hx='0' ez_hy='0' ez_nhx='0' ez_nhy='0' Phi='0deg' Theta='180deg'","29mzYey_hx_im [mV] - ex_hy='0' ex_hz='0' ex_nhy='0' ex_nhz='0' ey_hx='1' ey_hz='0' ey_nhx='0' ey_nhz='0' ez_hx='0' ez_hy='0' ez_nhx='0' ez_nhy='0' Phi='0deg' Theta='180deg'","30pzYey_nhx_re [mV] - ex_hy='0' ex_hz='0' ex_nhy='0' ex_nhz='0' ey_hx='0' ey_hz='0' ey_nhx='1' ey_nhz='0' ez_hx='0' ez_hy='0' ez_nhx='0' ez_nhy='0' Phi='0deg' Theta='0deg'","31pzYey_nhx_im [mV] - ex_hy='0' ex_hz='0' ex_nhy='0' ex_nhz='0' ey_hx='0' ey_hz='0' ey_nhx='1' ey_nhz='0' ez_hx='0' ez_hy='0' ez_nhx='0' ez_nhy='0' Phi='0deg' Theta='0deg'","32mzYey_nhx_re [mV] - ex_hy='0' ex_hz='0' ex_nhy='0' ex_nhz='0' ey_hx='0' ey_hz='0' ey_nhx='1' ey_nhz='0' ez_hx='0' ez_hy='0' ez_nhx='0' ez_nhy='0' Phi='0deg' Theta='180deg'","33mzYey_nhx_im [mV] - ex_hy='0' ex_hz='0' ex_nhy='0' ex_nhz='0' ey_hx='0' ey_hz='0' ey_nhx='1' ey_nhz='0' ez_hx='0' ez_hy='0' ez_nhx='0' ez_nhy='0' Phi='0deg' Theta='180deg'","34pyXex_hz_re [mV] - ex_hy='0' ex_hz='1' ex_nhy='0' ex_nhz='0' ey_hx='0' ey_hz='0' ey_nhx='0' ey_nhz='0' ez_hx='0' ez_hy='0' ez_nhx='0' ez_nhy='0' Phi='90deg' Theta='90deg'","35mzYey_nhx_im [mV] - ex_hy='0' ex_hz='1' ex_nhy='0' ex_nhz='0' ey_hx='0' ey_hz='0' ey_nhx='0' ey_nhz='0' ez_hx='0' ez_hy='0' ez_nhx='0' ez_nhy='0' Phi='90deg' Theta='90deg'","36myXex_hz_re [mV] - ex_hy='0' ex_hz='1' ex_nhy='0' ex_nhz='0' ey_hx='0' ey_hz='0' ey_nhx='0' ey_nhz='0' ez_hx='0' ez_hy='0' ez_nhx='0' ez_nhy='0' Phi='270deg' Theta='90deg'","37myXex_hz_im [mV] - ex_hy='0' ex_hz='1' ex_nhy='0' ex_nhz='0' ey_hx='0' ey_hz='0' ey_nhx='0' ey_nhz='0' ez_hx='0' ez_hy='0' ez_nhx='0' ez_nhy='0' Phi='270deg' Theta='90deg'","38pyXex_nhz_re [mV] - ex_hy='0' ex_hz='0' ex_nhy='0' ex_nhz='1' ey_hx='0' ey_hz='0' ey_nhx='0' ey_nhz='0' ez_hx='0' ez_hy='0' ez_nhx='0' ez_nhy='0' Phi='90deg' Theta='90deg'","39pyXex_nhz_im [mV] - ex_hy='0' ex_hz='0' ex_nhy='0' ex_nhz='1' ey_hx='0' ey_hz='0' ey_nhx='0' ey_nhz='0' ez_hx='0' ez_hy='0' ez_nhx='0' ez_nhy='0' Phi='90deg' Theta='90deg'","40myXex_nhz_re [mV] - ex_hy='0' ex_hz='0' ex_nhy='0' ex_nhz='1' ey_hx='0' ey_hz='0' ey_nhx='0' ey_nhz='0' ez_hx='0' ez_hy='0' ez_nhx='0' ez_nhy='0' Phi='270deg' Theta='90deg'","41myXex_nhz_im [mV] - ex_hy='0' ex_hz='0' ex_nhy='0' ex_nhz='1' ey_hx='0' ey_hz='0' ey_nhx='0' ey_nhz='0' ez_hx='0' ez_hy='0' ez_nhx='0' ez_nhy='0' Phi='270deg' Theta='90deg'","42pyZex_hz_re [mV] - ex_hy='0' ex_hz='1' ex_nhy='0' ex_nhz='0' ey_hx='0' ey_hz='0' ey_nhx='0' ey_nhz='0' ez_hx='0' ez_hy='0' ez_nhx='0' ez_nhy='0' Phi='90deg' Theta='90deg'","43pyZex_hz_im [mV] - ex_hy='0' ex_hz='1' ex_nhy='0' ex_nhz='0' ey_hx='0' ey_hz='0' ey_nhx='0' ey_nhz='0' ez_hx='0' ez_hy='0' ez_nhx='0' ez_nhy='0' Phi='90deg' Theta='90deg'","44myZex_hz_re [mV] - ex_hy='0' ex_hz='1' ex_nhy='0' ex_nhz='0' ey_hx='0' ey_hz='0' ey_nhx='0' ey_nhz='0' ez_hx='0' ez_hy='0' ez_nhx='0' ez_nhy='0' Phi='270deg' Theta='90deg'","45myZex_hz_im [mV] - ex_hy='0' ex_hz='1' ex_nhy='0' ex_nhz='0' ey_hx='0' ey_hz='0' ey_nhx='0' ey_nhz='0' ez_hx='0' ez_hy='0' ez_nhx='0' ez_nhy='0' Phi='270deg' Theta='90deg'","46pyZex_nhz_re [mV] - ex_hy='0' ex_hz='0' ex_nhy='0' ex_nhz='1' ey_hx='0' ey_hz='0' ey_nhx='0' ey_nhz='0' ez_hx='0' ez_hy='0' ez_nhx='0' ez_nhy='0' Phi='90deg' Theta='90deg'","47pyZex_nhz_im [mV] - ex_hy='0' ex_hz='0' ex_nhy='0' ex_nhz='1' ey_hx='0' ey_hz='0' ey_nhx='0' ey_nhz='0' ez_hx='0' ez_hy='0' ez_nhx='0' ez_nhy='0' Phi='90deg' Theta='90deg'","48myZex_nhz_re [mV] - ex_hy='0' ex_hz='0' ex_nhy='0' ex_nhz='1' ey_hx='0' ey_hz='0' ey_nhx='0' ey_nhz='0' ez_hx='0' ez_hy='0' ez_nhx='0' ez_nhy='0' Phi='270deg' Theta='90deg'","49myZex_nhz_im [mV] - ex_hy='0' ex_hz='0' ex_nhy='0' ex_nhz='1' ey_hx='0' ey_hz='0' ey_nhx='0' ey_nhz='0' ez_hx='0' ez_hy='0' ez_nhx='0' ez_nhy='0' Phi='270deg' Theta='90deg'","50pyXez_hx_re [mV] - ex_hy='0' ex_hz='0' ex_nhy='0' ex_nhz='0' ey_hx='0' ey_hz='0' ey_nhx='0' ey_nhz='0' ez_hx='1' ez_hy='0' ez_nhx='0' ez_nhy='0' Phi='90deg' Theta='90deg'","51pyXez_hx_im [mV] - ex_hy='0' ex_hz='0' ex_nhy='0' ex_nhz='0' ey_hx='0' ey_hz='0' ey_nhx='0' ey_nhz='0' ez_hx='1' ez_hy='0' ez_nhx='0' ez_nhy='0' Phi='90deg' Theta='90deg'","52myXez_hx_re [mV] - ex_hy='0' ex_hz='0' ex_nhy='0' ex_nhz='0' ey_hx='0' ey_hz='0' ey_nhx='0' ey_nhz='0' ez_hx='1' ez_hy='0' ez_nhx='0' ez_nhy='0' Phi='270deg' Theta='90deg'","53myXez_hx_im [mV] - ex_hy='0' ex_hz='0' ex_nhy='0' ex_nhz='0' ey_hx='0' ey_hz='0' ey_nhx='0' ey_nhz='0' ez_hx='1' ez_hy='0' ez_nhx='0' ez_nhy='0' Phi='270deg' Theta='90deg'","54pyXez_nhx_re [mV] - ex_hy='0' ex_hz='0' ex_nhy='0' ex_nhz='0' ey_hx='0' ey_hz='0' ey_nhx='0' ey_nhz='0' ez_hx='0' ez_hy='0' ez_nhx='1' ez_nhy='0' Phi='90deg' Theta='90deg'","55pyXez_nhx_im [mV] - ex_hy='0' ex_hz='0' ex_nhy='0' ex_nhz='0' ey_hx='0' ey_hz='0' ey_nhx='0' ey_nhz='0' ez_hx='0' ez_hy='0' ez_nhx='1' ez_nhy='0' Phi='90deg' Theta='90deg'","56myXez_nhx_re [mV] - ex_hy='0' ex_hz='0' ex_nhy='0' ex_nhz='0' ey_hx='0' ey_hz='0' ey_nhx='0' ey_nhz='0' ez_hx='0' ez_hy='0' ez_nhx='1' ez_nhy='0' Phi='270deg' Theta='90deg'","57myXez_nhx_im [mV] - ex_hy='0' ex_hz='0' ex_nhy='0' ex_nhz='0' ey_hx='0' ey_hz='0' ey_nhx='0' ey_nhz='0' ez_hx='0' ez_hy='0' ez_nhx='1' ez_nhy='0' Phi='270deg' Theta='90deg'","58pyZez_hx_re [mV] - ex_hy='0' ex_hz='0' ex_nhy='0' ex_nhz='0' ey_hx='0' ey_hz='0' ey_nhx='0' ey_nhz='0' ez_hx='1' ez_hy='0' ez_nhx='0' ez_nhy='0' Phi='90deg' Theta='90deg'","59pyZez_hx_im [mV] - ex_hy='0' ex_hz='0' ex_nhy='0' ex_nhz='0' ey_hx='0' ey_hz='0' ey_nhx='0' ey_nhz='0' ez_hx='1' ez_hy='0' ez_nhx='0' ez_nhy='0' Phi='90deg' Theta='90deg'","60myZez_hx_re [mV] - ex_hy='0' ex_hz='0' ex_nhy='0' ex_nhz='0' ey_hx='0' ey_hz='0' ey_nhx='0' ey_nhz='0' ez_hx='1' ez_hy='0' ez_nhx='0' ez_nhy='0' Phi='270deg' Theta='90deg'","61myZez_hx_im [mV] - ex_hy='0' ex_hz='0' ex_nhy='0' ex_nhz='0' ey_hx='0' ey_hz='0' ey_nhx='0' ey_nhz='0' ez_hx='1' ez_hy='0' ez_nhx='0' ez_nhy='0' Phi='270deg' Theta='90deg'","62pyZez_nhx_re [mV] - ex_hy='0' ex_hz='0' ex_nhy='0' ex_nhz='0' ey_hx='0' ey_hz='0' ey_nhx='0' ey_nhz='0' ez_hx='0' ez_hy='0' ez_nhx='1' ez_nhy='0' Phi='90deg' Theta='90deg'","63pyZez_nhx_im [mV] - ex_hy='0' ex_hz='0' ex_nhy='0' ex_nhz='0' ey_hx='0' ey_hz='0' ey_nhx='0' ey_nhz='0' ez_hx='0' ez_hy='0' ez_nhx='1' ez_nhy='0' Phi='90deg' Theta='90deg'","64myZez_nhx_re [mV] - ex_hy='0' ex_hz='0' ex_nhy='0' ex_nhz='0' ey_hx='0' ey_hz='0' ey_nhx='0' ey_nhz='0' ez_hx='0' ez_hy='0' ez_nhx='1' ez_nhy='0' Phi='270deg' Theta='90deg'","65myZez_nhx_im [mV] - ex_hy='0' ex_hz='0' ex_nhy='0' ex_nhz='0' ey_hx='0' ey_hz='0' ey_nhx='0' ey_nhz='0' ez_hx='0' ez_hy='0' ez_nhx='1' ez_nhy='0' Phi='270deg' Theta='90deg'","66pxYey_hz_re [mV] - ex_hy='0' ex_hz='0' ex_nhy='0' ex_nhz='0' ey_hx='0' ey_hz='1' ey_nhx='0' ey_nhz='0' ez_hx='0' ez_hy='0' ez_nhx='0' ez_nhy='0' Phi='0deg' Theta='90deg'","67pxYey_hz_im [mV] - ex_hy='0' ex_hz='0' ex_nhy='0' ex_nhz='0' ey_hx='0' ey_hz='1' ey_nhx='0' ey_nhz='0' ez_hx='0' ez_hy='0' ez_nhx='0' ez_nhy='0' Phi='0deg' Theta='90deg'","68mxYey_hz_re [mV] - ex_hy='0' ex_hz='0' ex_nhy='0' ex_nhz='0' ey_hx='0' ey_hz='1' ey_nhx='0' ey_nhz='0' ez_hx='0' ez_hy='0' ez_nhx='0' ez_nhy='0' Phi='180deg' Theta='90deg'","69mxYey_hz_im [mV] - ex_hy='0' ex_hz='0' ex_nhy='0' ex_nhz='0' ey_hx='0' ey_hz='1' ey_nhx='0' ey_nhz='0' ez_hx='0' ez_hy='0' ez_nhx='0' ez_nhy='0' Phi='180deg' Theta='90deg'","70pxYey_nhz_re [mV] - ex_hy='0' ex_hz='0' ex_nhy='0' ex_nhz='0' ey_hx='0' ey_hz='0' ey_nhx='0' ey_nhz='1' ez_hx='0' ez_hy='0' ez_nhx='0' ez_nhy='0' Phi='0deg' Theta='90deg'","71pxYey_nhz_im [mV] - ex_hy='0' ex_hz='0' ex_nhy='0' ex_nhz='0' ey_hx='0' ey_hz='0' ey_nhx='0' ey_nhz='1' ez_hx='0' ez_hy='0' ez_nhx='0' ez_nhy='0' Phi='0deg' Theta='90deg'","72mxYey_nhz_re [mV] - ex_hy='0' ex_hz='0' ex_nhy='0' ex_nhz='0' ey_hx='0' ey_hz='0' ey_nhx='0' ey_nhz='1' ez_hx='0' ez_hy='0' ez_nhx='0' ez_nhy='0' Phi='180deg' Theta='90deg'","73mxYey_nhz_im [mV] - ex_hy='0' ex_hz='0' ex_nhy='0' ex_nhz='0' ey_hx='0' ey_hz='0' ey_nhx='0' ey_nhz='1' ez_hx='0' ez_hy='0' ez_nhx='0' ez_nhy='0' Phi='180deg' Theta='90deg'","74pxZey_hz_re [mV] - ex_hy='0' ex_hz='0' ex_nhy='0' ex_nhz='0' ey_hx='0' ey_hz='1' ey_nhx='0' ey_nhz='0' ez_hx='0' ez_hy='0' ez_nhx='0' ez_nhy='0' Phi='0deg' Theta='90deg'","75pxZey_hz_im [mV] - ex_hy='0' ex_hz='0' ex_nhy='0' ex_nhz='0' ey_hx='0' ey_hz='1' ey_nhx='0' ey_nhz='0' ez_hx='0' ez_hy='0' ez_nhx='0' ez_nhy='0' Phi='0deg' Theta='90deg'","76mxZey_hz_re [mV] - ex_hy='0' ex_hz='0' ex_nhy='0' ex_nhz='0' ey_hx='0' ey_hz='1' ey_nhx='0' ey_nhz='0' ez_hx='0' ez_hy='0' ez_nhx='0' ez_nhy='0' Phi='180deg' Theta='90deg'","77mxZey_hz_im [mV] - ex_hy='0' ex_hz='0' ex_nhy='0' ex_nhz='0' ey_hx='0' ey_hz='1' ey_nhx='0' ey_nhz='0' ez_hx='0' ez_hy='0' ez_nhx='0' ez_nhy='0' Phi='180deg' Theta='90deg'","78pxZey_nhz_re [mV] - ex_hy='0' ex_hz='0' ex_nhy='0' ex_nhz='0' ey_hx='0' ey_hz='0' ey_nhx='0' ey_nhz='1' ez_hx='0' ez_hy='0' ez_nhx='0' ez_nhy='0' Phi='0deg' Theta='90deg'","79pxZey_nhz_im [mV] - ex_hy='0' ex_hz='0' ex_nhy='0' ex_nhz='0' ey_hx='0' ey_hz='0' ey_nhx='0' ey_nhz='1' ez_hx='0' ez_hy='0' ez_nhx='0' ez_nhy='0' Phi='0deg' Theta='90deg'","80mxZey_nhz_re [mV] - ex_hy='0' ex_hz='0' ex_nhy='0' ex_nhz='0' ey_hx='0' ey_hz='0' ey_nhx='0' ey_nhz='1' ez_hx='0' ez_hy='0' ez_nhx='0' ez_nhy='0' Phi='180deg' Theta='90deg'","81mxZey_nhz_im [mV] - ex_hy='0' ex_hz='0' ex_nhy='0' ex_nhz='0' ey_hx='0' ey_hz='0' ey_nhx='0' ey_nhz='1' ez_hx='0' ez_hy='0' ez_nhx='0' ez_nhy='0' Phi='180deg' Theta='90deg'","82pxYez_hy_re [mV] - ex_hy='0' ex_hz='0' ex_nhy='0' ex_nhz='0' ey_hx='0' ey_hz='0' ey_nhx='0' ey_nhz='0' ez_hx='0' ez_hy='1' ez_nhx='0' ez_nhy='0' Phi='0deg' Theta='90deg'","83pxYez_hy_im [mV] - ex_hy='0' ex_hz='0' ex_nhy='0' ex_nhz='0' ey_hx='0' ey_hz='0' ey_nhx='0' ey_nhz='0' ez_hx='0' ez_hy='1' ez_nhx='0' ez_nhy='0' Phi='0deg' Theta='90deg'","84mxYez_hy_re [mV] - ex_hy='0' ex_hz='0' ex_nhy='0' ex_nhz='0' ey_hx='0' ey_hz='0' ey_nhx='0' ey_nhz='0' ez_hx='0' ez_hy='1' ez_nhx='0' ez_nhy='0' Phi='180deg' Theta='90deg'","85mxYez_hy_im [mV] - ex_hy='0' ex_hz='0' ex_nhy='0' ex_nhz='0' ey_hx='0' ey_hz='0' ey_nhx='0' ey_nhz='0' ez_hx='0' ez_hy='1' ez_nhx='0' ez_nhy='0' Phi='180deg' Theta='90deg'","86pxYez_nhy_re [mV] - ex_hy='0' ex_hz='0' ex_nhy='0' ex_nhz='0' ey_hx='0' ey_hz='0' ey_nhx='0' ey_nhz='0' ez_hx='0' ez_hy='0' ez_nhx='0' ez_nhy='1' Phi='0deg' Theta='90deg'","87pxYez_nhy_im [mV] - ex_hy='0' ex_hz='0' ex_nhy='0' ex_nhz='0' ey_hx='0' ey_hz='0' ey_nhx='0' ey_nhz='0' ez_hx='0' ez_hy='0' ez_nhx='0' ez_nhy='1' Phi='0deg' Theta='90deg'","88mxYez_nhy_re [mV] - ex_hy='0' ex_hz='0' ex_nhy='0' ex_nhz='0' ey_hx='0' ey_hz='0' ey_nhx='0' ey_nhz='0' ez_hx='0' ez_hy='0' ez_nhx='0' ez_nhy='1' Phi='180deg' Theta='90deg'","89mxYez_nhy_im [mV] - ex_hy='0' ex_hz='0' ex_nhy='0' ex_nhz='0' ey_hx='0' ey_hz='0' ey_nhx='0' ey_nhz='0' ez_hx='0' ez_hy='0' ez_nhx='0' ez_nhy='1' Phi='180deg' Theta='90deg'","90pxZez_hy_re [mV] - ex_hy='0' ex_hz='0' ex_nhy='0' ex_nhz='0' ey_hx='0' ey_hz='0' ey_nhx='0' ey_nhz='0' ez_hx='0' ez_hy='1' ez_nhx='0' ez_nhy='0' Phi='0deg' Theta='90deg'","91pxZez_hy_im [mV] - ex_hy='0' ex_hz='0' ex_nhy='0' ex_nhz='0' ey_hx='0' ey_hz='0' ey_nhx='0' ey_nhz='0' ez_hx='0' ez_hy='1' ez_nhx='0' ez_nhy='0' Phi='0deg' Theta='90deg'","92mxZez_hy_re [mV] - ex_hy='0' ex_hz='0' ex_nhy='0' ex_nhz='0' ey_hx='0' ey_hz='0' ey_nhx='0' ey_nhz='0' ez_hx='0' ez_hy='1' ez_nhx='0' ez_nhy='0' Phi='180deg' Theta='90deg'","93mxZez_hy_im [mV] - ex_hy='0' ex_hz='0' ex_nhy='0' ex_nhz='0' ey_hx='0' ey_hz='0' ey_nhx='0' ey_nhz='0' ez_hx='0' ez_hy='1' ez_nhx='0' ez_nhy='0' Phi='180deg' Theta='90deg'","94pxZez_nhy_re [mV] - ex_hy='0' ex_hz='0' ex_nhy='0' ex_nhz='0' ey_hx='0' ey_hz='0' ey_nhx='0' ey_nhz='0' ez_hx='0' ez_hy='0' ez_nhx='0' ez_nhy='1' Phi='0deg' Theta='90deg'","95pxZez_nhy_im [mV] - ex_hy='0' ex_hz='0' ex_nhy='0' ex_nhz='0' ey_hx='0' ey_hz='0' ey_nhx='0' ey_nhz='0' ez_hx='0' ez_hy='0' ez_nhx='0' ez_nhy='1' Phi='0deg' Theta='90deg'","96mxZez_nhy_re [mV] - ex_hy='0' ex_hz='0' ex_nhy='0' ex_nhz='0' ey_hx='0' ey_hz='0' ey_nhx='0' ey_nhz='0' ez_hx='0' ez_hy='0' ez_nhx='0' ez_nhy='1' Phi='180deg' Theta='90deg'","97mxZez_nhy_im [mV] - ex_hy='0' ex_hz='0' ex_nhy='0' ex_nhz='0' ey_hx='0' ey_hz='0' ey_nhx='0' ey_nhz='0' ez_hx='0' ez_hy='0' ez_nhx='0' ez_nhy='1' Phi='180deg' Theta='90deg'"
7,0.915997344554037,-0.0951846726644035,0.435862206384267,0.740072303381929,0.281263270287693,-0.793859366139817,0.908796177368671,-0.0763027166875101,0.00170883279719189,-0.000630619763166067,-0.0028686788040031,-0.000337857023465724,0.000162819139773171,-0.00237733926992671,-0.00104422034761923,0.00217512289721673,-0.000351071809269242,0.000523897970273115,-0.000629104953198671,-0.000158313216894207,-0.000567860678221445,0.000285020291391961,-0.000477456546185701,-0.0004737899791557,0.0108435697081404,-0.000227339855505438,0.00187450407764067,0.000121372849876794,0.00189916846912585,-0.000148130550289029,0.0108109524498982,0.000172721562486478,0.727451354266017,-0.0684465322061596,0.720259394313168,-0.062409081206438,0.716819708880664,-0.0680422220333297,0.730538407133923,-0.0630320006640663,0.00019754516030764,-0.000748417812885082,0.00110370013898166,0.000652373194137173,0.000551123023586305,-0.00104030122083332,0.0013969929928151,0.000901183067401664,-0.00151239373019294,0.00042970420188475,-0.000677996980077043,-0.000789195562038927,-0.00127896821521352,0.000389374907596569,-0.00051781275057446,-0.000714486899740342,0.285035855308169,-0.00684345942885033,0.297831745202419,-0.0077085820945584,0.296011737330427,-0.00667624675187081,0.287319987904349,-0.00817047326177374,0.0020131026645424,1.20392749654836E-005,0.0106401965842186,1.63819101922196E-005,0.0106536418382946,-8.15382400505594E-005,0.00198236749242571,5.48401760337391E-006,-8.6364663921669E-005,-0.000447878056639099,6.230820905558E-005,0.000463628691562605,-3.93844518003353E-006,-0.000473745697400205,1.45224810727936E-005,0.000441530012228596,-0.00222882200833884,-0.000347052034194619,0.00107297405822802,0.000127239799405186,0.000892611802383448,0.0013640600244732,-0.00159435586434924,-0.000741278696715419,-0.109661720171698,0.0213997110361978,0.631274312478828,-0.0375983126650437,0.63025797131163,-0.0428632834063637,-0.111984023937502,0.0267988141061607
7.1,1.03893988314956,-0.121950085363971,0.486484017699726,0.851789750333282,0.283597889723652,-0.916912622929687,1.0300801424871,-0.0997464232220073,0.0019293018594439,-0.00082743320979459,-0.00324118402640161,-0.000409068754899061,1.52687348840007E-005,-0.00275042344877245,-0.00113772443400358,0.00247603706132353,-0.00038860245653534,0.000609967132095021,-0.000719423418031992,-0.000178329364550419,-0.000644241239888323,0.000341372329801484,-0.000547322056375113,-0.00053822906616617,0.0111105826497691,-0.000233331348598787,0.00192837434886654,0.000127434090981659,0.00195526109478263,-0.000148472927560968,0.0110762053016725,0.000181248171366874,0.814417729924899,-0.0872505413071275,0.807596524123863,-0.0801874309534152,0.803452953109259,-0.0867809666236417,0.818143695341166,-0.0808843433763846,0.000370161061298255,-0.00081897963208817,0.00130128347719343,0.00070355693743642,0.00078178357493779,-0.0011558227312064,0.00165202801698232,0.000980571299382655,-0.00166061888828981,0.000494591098581574,-0.000807913581235239,-0.000810692360071554,-0.00141806159141545,0.0004563566616858,-0.000639842050024353,-0.000725476386707382,0.294773752088149,-0.00718045444878127,0.308014853972895,-0.0081084875390185,0.306059882554536,-0.00700994139714617,0.297191391889579,-0.00859623429000549,0.00207345545026729,1.50929669421849E-005,0.0108986380642704,1.84812007638952E-005,0.010914267736136,-8.21016815738082E-005,0.00204021907906088,1.00274219840188E-005,-0.000105608766869533,-0.000516295572607274,7.9915194014559E-005,0.000534185535139709,-1.39057711984614E-005,-0.000545985664091953,2.42431172221251E-005,0.000511317553205388,-0.00266845981644401,-0.000424232937702666,0.00130152995926816,5.82084676861696E-005,0.00103424681431617,0.00159242885512961,-0.00186129360296284,-0.000763470287579362,-0.16558696612271,0.0324031937067148,0.703372651583014,-0.049409662410582,0.701978691174752,-0.0549412374755867,-0.167984680703017,0.0380614078049209
7.2,1.19329617781372,-0.160769199414546,0.553806023176548,0.991939899990314,0.280200784761361,-1.0726874732615,1.18206929982227,-0.134093623358872,0.00219967997780984,-0.00109175014651368,-0.00370704847792916,-0.000494219935750751,-0.000195663857643578,-0.00321051098794655,-0.00124479457251132,0.00285098046853874,-0.00043254305818329,0.000720987336795028,-0.000834794801262819,-0.000200567862241858,-0.000738734623675956,0.000416352445588805,-0.000638109252951914,-0.000617214357802673,0.0113789292252276,-0.000239112168360487,0.00198330717929318,0.000133939592210151,0.00201226356805319,-0.000148613762288961,0.0113427532134703,0.000190065707333173,0.922552559531929,-0.114281147265385,0.916327255318185,-0.105943942228367,0.911248443690542,-0.113730534807055,0.927137080559755,-0.106732342948676,0.000597037012874452,-0.000915802280352931,0.00154727003197412,0.000757246145315911,0.0010808080915527,-0.00131112914610321,0.00197281524539546,0.00106709939324208,-0.0018376461499926,0.000573488713588478,-0.000968727148689432,-0.000822344201147348,-0.00158596862808684,0.000537672767156106,-0.000792391657278183,-0.000725893977943021,0.304760349787743,-0.00753487707216105,0.318456875718869,-0.00853156543913152,0.316360523550049,-0.00736108077958878,0.307316353013908,-0.00904619886435417,0.00213501106582049,1.83818414550394E-005,0.0111581058575192,2.08093861011103E-005,0.0111761688200909,-8.24748891055014E-005,0.00209907396688233,1.50114321122382E-005,-0.0001328002497787,-0.000602642653974856,0.000105271310730675,0.000622906129696221,-2.94433124459553E-005,-0.000637126940525831,3.93578247175083E-005,0.000600004434220436,-0.00322908569737789,-0.000512158868691874,0.00159019787241745,-5.29228769917718E-005,0.0012270924898272,0.00187623381719271,-0.00219418352552946,-0.00077683870905443,-0.238609407474404,0.0490830670943795,0.792905541310971,-0.0669527786138295,0.790973693796866,-0.0727293091639197,-0.241018285529824,0.0550071055033846
7.3,1.39250928922073,-0.219754962477382,0.647811862486537,1.1722259612397,0.265855508120563,-1.27551181942117,1.37776375927004,-0.186711167843086,0.00253746914547469,-0.00145895275303965,-0.00430982348944655,-0.00059278558511379,-0.00050531535368376,-0.00379096556445626,-0.00136644197430666,0.0033338272717886,-0.000483795894219726,0.000868936726789407,-0.000986935344843023,-0.000224009568912718,-0.000858118631700529,0.000520000223135172,-0.00076059547646457,-0.000715707352759624,0.011648529064764,-0.000244636331430489,0.00203936695175759,0.000140882210384809,0.00207018523094663,-0.00014851319278811,0.0116105331408422,0.000199169277703557,1.06072216821606,-0.154922727021414,1.0554411100986,-0.144970705014447,1.04907468412124,-0.154269416284895,1.06650396474065,-0.145876172424212,0.000900711616276156,-0.00105517057590791,0.00186262284553584,0.000811128172173003,0.00147601935814975,-0.00152969103499275,0.00238855404208366,0.00115908126910721,-0.00205542162600884,0.000673997873180755,-0.00117276257445651,-0.000816656223311866,-0.0017948781667554,0.000641024091535286,-0.000987977365959966,-0.000708140863763977,0.315002769962343,-0.00790820469377972,0.329164876099573,-0.0089797725809005,0.326920697762932,-0.00773112577233095,0.317701824272613,-0.0095223056248252,0.00219782572477754,2.19072012890594E-005,0.011418485023137,2.34184434049302E-005,0.0114392819048611,-8.26482081564698E-005,0.00215894091437234,2.0490741444092E-005,-0.000173053145514657,-0.000714520956331623,0.000143433792888519,0.000737481739674911,-5.46404774910653E-005,-0.000755381199471953,6.38878739786961E-005,0.000715874734718832,-0.00396639327993087,-0.000607050874084653,0.00196204652557966,-0.000231253269836171,0.00149928949505204,0.00223596069863113,-0.00262154701362015,-0.000772268533822707,-0.33615643443073,0.0754339226383888,0.907313397372081,-0.0942347326407241,0.904593262416564,-0.100192547333904,-0.338458608147995,0.0816119560772753
7.4,1.65845656021805,-0.314905668328708,0.787452034269144,1.41124819182352,0.229566001009683,-1.54905130067784,1.63824900461895,-0.272067700016299,0.00296738260516763,-0.00199258488477434,-0.0051243073303321,-0.000697226690726818,-0.000978739656934495,-0.00454347623250818,-0.00149949533335503,0.00398253027129917,-0.000542097354958568,0.00107452328023606,-0.00119581747047263,-0.000245127180106171,-0.0010125130747455,0.00067058066291639,-0.000934039840886363,-0.000840598327975689,0.0119193153964505,-0.000249840567321052,0.00209663235585264,0.000148230678675195,0.00212904094055205,-0.000148108812954653,0.0118795022528766,0.000208539319481693,1.24324489084926,-0.219646838798474,1.23947966259084,-0.207600213692654,1.23125570945716,-0.218860746082536,1.25077893994625,-0.208662784438878,0.00131718877448992,-0.00126810195862788,0.00228269618484458,0.000858319916401786,0.0020113681447604,-0.00185553499189357,0.00294873426180425,0.0012494696055111,-0.0023333874605289,0.000810935404835491,-0.00143996818214286,-0.000778935577164674,-0.00206466055457719,0.000781442014776527,-0.00124691555906026,-0.000657297742271968,0.325508468730627,-0.00830210167983966,0.340146226933392,-0.00945524858192477,0.337747754535391,-0.00812171318837483,0.328355037132253,-0.0100266482809961,0.00226197669712605,2.56627902072574E-005,0.0116796546608338,2.63963632902763E-005,0.011703563821795,-8.26160415656293E-005,0.00221982131141535,2.65538685893246E-005,-0.000236310543269426,-0.000864220580032089,0.000204262600855583,0.000890362453569451,-9.77721556173969E-005,-0.000914241667022836,0.000106005369205758,0.000872559251549838,-0.00497530457544993,-0.000694199240734968,0.00245269884744866,-0.000523200537528419,0.00190198827892283,0.002702419569474,-0.0031908282763519,-0.000729973757731729,-0.470360148679722,0.119415433584887,1.05874477507869,-0.139235463473205,1.05482445921819,-0.145210048073318,-0.472334641566853,0.125780448670524
7.5,2.02835788229752,-0.481031425879231,1.01230756478222,1.7394411389352,0.145923168091601,-1.93462985664209,1.99933479818588,-0.421428083362749,0.00352120192277375,-0.00281687138333344,-0.00628845056920373,-0.000776562720308964,-0.00174707809858826,-0.00554942887995384,-0.00162570621841047,0.00490347241237619,-0.000602312566877433,0.00137628777276745,-0.0014978850466679,-0.000252861885873634,-0.00121668521309879,0.00090440031004852,-0.00119588066386596,-0.00100041454426663,0.0121912558719752,-0.000254629198463349,0.00215520167864525,0.000155901922293708,0.00218886154554385,-0.000147292820680843,0.0121496568633559,0.000218120782605657,1.49427942524904,-0.330848856146,1.4930431517765,-0.316019440595766,1.48196474954128,-0.329889386611119,1.5045485367085,-0.317308110472539,0.001906200438449,-0.00161952634070777,0.00287120003977487,0.000878670689749808,0.00275846410692539,-0.00237931320955905,0.00374309936819571,0.00131477201231856,-0.00270456510482085,0.00101623410584652,-0.0018041344920952,-0.000677386449882209,-0.00242912016393287,0.000991367173037146,-0.0016037091114661,-0.000541037381936115,0.33628524531918,-0.00871846119598681,0.351408652162023,-0.0099603332730017,0.348849327733408,-0.00853466174854746,0.339283524022738,-0.0105614434763473,0.00232758210476707,2.96216928160588E-005,0.0119414926253479,2.99075936989122E-005,0.0119690116960405,-8.23871581895533E-005,0.00228170781007026,3.33640038192571E-005,-0.000343889848012471,-0.00107243569930248,0.000308956675118111,0.00110255585650787,-0.000177316108568914,-0.00113702169020025,0.000184031647793226,0.00109365431452673,-0.0064291075660368,-0.000725368583935819,0.00311795445195047,-0.00102284914727576,0.00253679275790613,0.00332143907658866,-0.00398569931821622,-0.000602864810898013,-0.662010271107115,0.19851128736836,1.26801065567852,-0.21947560061951,1.26217314340821,-0.22503516119126,-0.663228508891695,0.204826561025046
7.6,2.56686621147808,-0.804179220349131,1.41586263012219,2.20559487071821,-0.0514377300674903,-2.50817996307413,2.52362529111062,-0.711256569085961,0.00421950262131434,-0.00420190195696109,-0.0080778459889088,-0.000715770225776314,-0.00310713330635601,-0.00693036351271253,-0.00167102064966679,0.00630854979206605,-0.000639792245813362,0.00185238790400474,-0.00196479905336494,-0.000211017863494768,-0.00148812534277308,0.00130217237839655,-0.00162692227246735,-0.00119928500455129,0.0124644132329352,-0.000258847304505733,0.00221519140434814,0.000163686658310426,0.00224973495625093,-0.000145858233033303,0.0124210679780769,0.000227757577507026,1.85557890581121,-0.542688519376338,1.85885994849801,-0.52411357748632,1.84299202252322,-0.541511041581591,1.87050714362979,-0.525764424787879,0.00276771822213947,-0.00226287034073303,0.00375165612228402,0.000809201649839036,0.00383272662394544,-0.00331122501775046,0.00494734420142176,0.00127615763195717,-0.00322607196514013,0.00136813510310418,-0.00232376290231085,-0.000433843539694504,-0.00294685963109888,0.00135041504344331,-0.00211824511018135,-0.000279763529672572,0.347341248768889,-0.00915947493281075,0.362960328771398,-0.0104975580737065,0.360233299743732,-0.00897197750996128,0.350495190271449,-0.0111289266299327,0.00239484409073716,3.3692720364237E-005,0.0122039090371191,3.42968111995807E-005,0.0122357123280309,-8.20225481072337E-005,0.00234460501908949,4.12661464551459E-005,-0.00054765165093996,-0.0013744106369242,0.0005092447731078,0.00140999581532925,-0.000340193847035703,-0.00146544558113267,0.000344672947637105,0.00142153268503118,-0.008669153470709,-0.000539001545306241,0.00403938815098529,-0.00194454620814907,0.00362947325638379,0.00415153433876297,-0.00516215206592063,-0.000264269215261455,-0.947862622610981,0.35631568983151,1.57189166733794,-0.378626722349064,1.56283747011734,-0.382528060406006,-0.947479225173286,0.361768981251242
7.7,3.37050539194854,-1.53415586400604,2.25498967554407,2.86321460731927,-0.566069767591977,-3.40657419920705,3.31033775860647,-1.36049097486311,0.0049286552009974,-0.00680835860796666,-0.0110744825373845,-5.27838922357664E-005,-0.00583237587075369,-0.00878597384660871,-0.00132873955464195,0.00864953750592257,-0.000543346996537774,0.00267309759558801,-0.00274359217624267,1.48525905090136E-005,-0.00181470036120574,0.0020683733144311,-0.00242294063225244,-0.00139310102537589,0.012739161276246,-0.000262258479105575,0.00227665813996557,0.000171021509064694,0.00231198533436347,-0.000143374015988839,0.0126939277129648,0.000236955454783814,2.3913646187432,-1.00823649537642,2.40360996971916,-0.984916728068328,2.37864277792039,-1.0068586552414,2.41520821654939,-0.987251072293693,0.00404067914215415,-0.00362028224135597,0.00517469347335687,0.000425529951350517,0.00537396788436279,-0.00521642917417074,0.00692464282236345,0.000839412400731279,-0.00398227542926982,0.00209178880560708,-0.00308624065049128,0.000177422049444885,-0.00370492103551219,0.00208810825507129,-0.00288036995352316,0.000356756407110529,0.358684903404898,-0.00962776568505867,0.374810185246578,-0.0110697417572907,0.371907625283217,-0.00943569962920314,0.361998624779456,-0.0117310468695521,0.00246414013713836,3.75414768415292E-005,0.0124670550067578,4.03754303719771E-005,0.0125039541410224,-8.18010529847822E-005,0.00240870023265457,5.10992030387445E-005,-0.000995428320098825,-0.00181956749512009,0.000953106811554097,0.00186383583463204,-0.000726821215325016,-0.00196775635398873,0.000728276607196219,0.00192613712003118,-0.0124014481052795,0.000472625027111877,0.00527025676097276,-0.00385122139049861,0.00575289134255844,0.00518507239245458,-0.00700792414975792,0.000687030957124353,-1.38674449941296,0.720586827967296,2.02921622185383,-0.744636404123203,2.01485473134636,-0.742726578975594,-1.38336107813829,0.722122787392562
7.8,4.33144686822954,-3.50268529537893,4.31654830333701,3.47552607005745,-2.13641567968236,-4.72662410771218,4.33311154313025,-3.09847438876629,0.00429321497240104,-0.0122546790862835,-0.016189179865178,0.00335401292848186,-0.0121599580583799,-0.0103414856101227,0.000845727528970621,0.0127401751981085,0.000243974454108648,0.00414305664781943,-0.00404067330856638,0.00101146445083285,-0.00186226081933875,0.0037476605242124,-0.00405763392718644,-0.00117254539863697,0.0130170158653348,-0.000264939794705562,0.00233881159009171,0.000176337518621215,0.00237709836219232,-0.00013912677572031,0.0129681928361886,0.00024391997370147,3.07065567070884,-2.22907150628065,3.10303375442899,-2.20320568648973,3.05789085545564,-2.22796495426743,3.11361226242575,-2.20705382435891,0.00553616466165145,-0.00702377254043323,0.00751984409603355,-0.0012171285208721,0.00700304766065898,-0.0098167386309402,0.0102660899502716,-0.00128139517074035,-0.00487390910252658,0.00393118731293413,-0.00399933140883593,0.00190602351571511,-0.00460470879315048,0.00396471591291698,-0.00379781061742126,0.00213459075538672,0.37032434617509,-0.0101266866297452,0.386968891239524,-0.0116808583987047,0.383880090734043,-0.00992697005803983,0.373804988874703,-0.0123690183454172,0.00253595338824755,3.97384942977377E-005,0.0127327191960963,4.99967064864099E-005,0.0127742662401218,-8.30717766258469E-005,0.00247568092018415,6.49470386146385E-005,-0.00216771051583378,-0.00232431421904417,0.00212400674193127,0.00238502116917678,-0.00182537009578657,-0.00262300842361938,0.00182537023797245,0.00259130365127004,-0.0186906495832842,0.00499006736455955,0.00614833824735875,-0.0083628873191346,0.0104635305701532,0.00559164027709694,-0.00974356829620153,0.00375535665247006,-1.95660596021571,1.72623262208938,2.61765955942451,-1.752913956605,2.60034640135274,-1.7297996339192,-1.95297396595048,1.71171576450962
7.9,2.51176227772822,-7.9651957994631,8.34602636838749,1.00232574416556,-6.6771389520947,-4.40888584161618,3.29079416580792,-7.44107005719548,-0.00562044410635105,-0.0192245940861495,-0.0181565275148198,0.0166372763905864,-0.0246048792306398,-0.0030195552045904,0.0105186014399376,0.0159192027938335,0.00381743506279842,0.00504713604982119,-0.00434955858588365,0.00461241465030675,0.000806738685421208,0.00633102439248211,-0.00613633914007617,0.00181773370606664,0.0133007499924628,-0.000272325287061251,0.00239488682866198,0.00017930573124243,0.00245029723507855,-0.000136500723830275,0.0132380015419926,0.000244919175826899,2.29274684180477,-5.21761504719915,2.36149039584768,-5.21899378155917,2.2772921619429,-5.21686855267891,2.36552734358779,-5.22268839555424,0.00276796638232661,-0.0148361350081018,0.00873916225038709,-0.00736324687207802,0.00261946829820095,-0.0197491202458583,0.0123435995348481,-0.00972861253547038,-0.00327717062979649,0.00803485914036002,-0.00243468286322938,0.00593364591939856,-0.00296925122057215,0.0081610763006361,-0.00218700314129004,0.00626600846486615,0.382264770578979,-0.0106581391506938,0.399447039584241,-0.0123429277032969,0.396162413034489,-0.0104423367867311,0.385934930518884,-0.0130512899922843,0.0026065196693945,3.60281161624315E-005,0.013010550778157,6.05893623214612E-005,0.0130433193955726,-9.05142652524965E-005,0.00255562947540133,8.14832919674983E-005,-0.00472962121452504,-0.00115068375779599,0.00470773004113269,0.00123470087155618,-0.00451984867075517,-0.00178963921419509,0.00454025611821737,0.00177706084368091,-0.02111109041701,0.021918731652316,0.000117318436562978,-0.0166688872335565,0.0183712844422574,-0.00130344222492603,-0.00905270931838835,0.0127793788936463,-1.21606919845287,4.19274317635892,1.89368174160533,-4.2230619819222,1.93510756469555,-4.17187996737641,-1.26679028793759,4.16210106069668
8,-3.68960543071687,-6.55874661995496,6.00367857703854,-4.77152897541006,-7.56521906876971,2.13081896907207,-3.17116074953726,-7.24342118178419,-0.0168807680370884,-0.00780673403405416,-0.00139280561770661,0.0220367737969745,-0.0178202224995506,0.0167947295420906,0.0178240743835789,0.00321356065143724,0.00580648682015392,0.000531464978068369,0.000331305317037052,0.00582371421551685,0.00482182933201451,0.00337944144492959,-0.00265037866339509,0.00523316142476494,0.0135742792207267,-0.000288937119298281,0.00244787125142003,0.000198138036358825,0.00251975273547063,-0.000147369932659825,0.0134965644456144,0.000257270935890302,-2.20355864064563,-5.01034944439594,-2.16292071172259,-5.07239904957679,-2.21615975964184,-5.00391328574365,-2.15596025059369,-5.06372798797783,-0.00924681049205453,-0.0133324830567023,0.000379260936194927,-0.0108990680536459,-0.0128893645972747,-0.0165842649363705,0.000959974463677255,-0.0151813473134672,0.00238254658432388,0.00683846506298584,0.00326670920560315,0.00466490199378809,0.00282496313843994,0.00695886224041652,0.00365439004879002,0.00499727896358435,0.39452070573861,-0.0112149953315506,0.412230432134112,-0.013059739690122,0.408779484735773,-0.0109949746557522,0.398377914156193,-0.0138103556065043,0.00266689414866914,3.87692032835929E-005,0.013288191458149,4.80733164065475E-005,0.0133005876497055,-9.29953475917954E-005,0.00263943900096127,7.51865321151429E-005,-0.00375224364838643,0.00246121023842161,0.00376134658108637,-0.00240063224186654,-0.00401280543829606,0.00191587399461444,0.004068146786735,-0.00195415490908612,0.00105833630428375,0.0293097410892295,-0.0126445871971424,-0.0104542649830767,0.0109190078111034,-0.0138978467755355,0.00345026262761476,0.0140712211186361,2.30235967994454,3.80532602926096,-1.60936770096742,-3.83438005271088,-1.56801908216585,-3.87676518369064,2.2691238044831,3.86485075392916
8.1,-4.02228778941,-2.88717922041239,2.40679636767274,-4.51107883018131,-3.72745616382992,3.72342174785138,-4.08481520347405,-3.28220315386867,-0.0126226297328397,0.000468175694853036,0.00451099597844355,0.0137702242781026,-0.00463691928931111,0.0158226213448767,0.0112603625434293,-0.00320403997355188,0.00363505046752368,-0.00137008723494838,0.00182635980540662,0.00342591088810536,0.00387332287209943,0.000616938898821361,-0.000133147265339917,0.00387943431120789,0.0138428303026108,-0.000293956886561847,0.0025162699270096,0.000217733200136343,0.00257990731186019,-0.000150736328319172,0.0137675095257649,0.000277199217978913,-2.78811503190676,-2.21680527547861,-2.78950186682729,-2.27147289964518,-2.79788780780228,-2.2144831278352,-2.77497241840788,-2.26552005875707,-0.0102751227882037,-0.00575583945974308,-0.00307088866696182,-0.0063041890191461,-0.0134578864788418,-0.00661444747812883,-0.00415280478805337,-0.00904507203679382,0.00263587224309759,0.00350498236551711,0.0035453485155633,0.00118857664614622,0.00311417272231632,0.00356600127263524,0.00397146551163624,0.00147127849109839,0.407110691182142,-0.0118128943267462,0.425343861945662,-0.0138095183145595,0.421720344450041,-0.0115989003926712,0.411124165763592,-0.0146099649004753,0.00273662783761274,4.99109005994938E-005,0.0135467851774268,4.16023292134138E-005,0.0135650328054565,-8.61514692527132E-005,0.002704834478149,7.266904189262E-005,-0.00158041909789556,0.0025597649019576,0.00157934854185796,-0.00251917311887083,-0.00187274859061886,0.00229003584991831,0.00192247267104103,-0.00235582554062051,0.00900704113855311,0.0179254782323932,-0.0112828529296349,-0.00201305518947591,0.00231581307458335,-0.0116687099583021,0.00626307708764781,0.00698141562211887,2.68932678219993,1.73184898567064,-1.97590409388683,-1.75960384739531,-1.976195824278,-1.78685468763558,2.69856720584221,1.76527169761795
8.2,-3.16258248806693,-1.45538315138181,1.16517636558456,-3.45484197909865,-1.93384627301102,3.17199481356677,-3.25843787626901,-1.64465276917224,-0.00886942345385334,0.00237722653121735,0.00441315735844666,0.00918837025880977,-0.000315856664757384,0.0116596178214685,0.00713859131723327,-0.0034939629683963,0.00233573696841149,-0.001476445304812,0.00172383368133266,0.00215540409581802,0.00278531573746847,-0.000129829305360827,0.000413054069964935,0.00271002415098091,0.0141160417023849,-0.000295940484224872,0.00258697236151052,0.000232302847575823,0.0026436395965664,-0.000149360564627495,0.0140421732153059,0.000292955654695528,-2.17535189574909,-1.08103437336908,-2.18936760198363,-1.12102602972131,-2.18644203452351,-1.08065232016889,-2.1736513533212,-1.11772991187631,-0.00845989291722727,-0.00285718774127117,-0.002886277789401,-0.00370383197563014,-0.0107909525747078,-0.00302412920296288,-0.00410254023178133,-0.00542776855562674,0.00178826984910019,0.00226421367136943,0.00269108893408984,-0.000196605858324964,0.00227671665253715,0.00230144060540994,0.00313227158809912,7.38135618870416E-005,0.420036492032875,-0.012456997719744,0.438806973406222,-0.0146123207591656,0.434995651895548,-0.0122438536896417,0.424210453282407,-0.015455553310287,0.00281151801810516,5.84649773797684E-005,0.0138069271125739,4.33071294644308E-005,0.0138337275910659,-8.13516135895565E-005,0.00277215968525909,7.86465824322162E-005,-0.000763772871899103,0.00201566729111961,0.000751899077434301,-0.00197827239014048,-0.000992953400660328,0.00185333965484954,0.0010344437908916,-0.00193065076951542,0.00869563945446969,0.0117147607896346,-0.00848102188035642,0.000693107325851204,-0.000138452378538155,-0.00847537197447428,0.00526062876690842,0.00366426261111437,2.26670875938966,0.886740241790578,-1.53223416833488,-0.915206020076998,-1.53456194240989,-0.930375146329435,2.27508760303786,0.903743254621851
8.3,-2.51104197986775,-0.866109490076407,0.704892143392598,-2.73410838936097,-1.14142210169451,2.61319587228022,-2.58749420949818,-0.975875667863095,-0.00669983996093042,0.00278202548242432,0.00362846469700989,0.00691620831490081,0.00114601317738241,0.0088970160183018,0.00508141464984539,-0.00293588437140436,0.00166839072107787,-0.00133152106990443,0.00147853005268482,0.00153565462957278,0.00212609567389729,-0.000338151349702286,0.000506548959419119,0.00204048377460463,0.0143912090485848,-0.000297869170289874,0.00265826076398434,0.000245859740178582,0.0027101463449865,-0.000147182650904652,0.0143168428854705,0.000307153239792704,-1.68814370348996,-0.624804106009536,-1.70614645387669,-0.655596635729762,-1.70043331160114,-0.624973854585775,-1.69015293230268,-0.653508107945308,-0.00712423408431841,-0.00174574301107322,-0.00233788254595862,-0.00245907014014363,-0.0089259634755538,-0.00171484287270122,-0.00345842416392519,-0.00366122789210225,0.00114478598215231,0.00180529272238542,0.00202974146741241,-0.000796530393113181,0.00164534741913563,0.00183412841815465,0.00248977333442092,-0.000522840705061208,0.433308740371027,-0.0131490391036581,0.452625221803605,-0.0154762974865956,0.448620721440931,-0.0129342337572544,0.437646655401166,-0.016360483322789,0.00288824353379118,6.5664183299741E-005,0.0140692533461915,4.68848578931281E-005,0.0141030972589145,-7.77786783395243E-005,0.00284300177899101,8.69383092980863E-005,-0.00043731799226807,0.00161898716044852,0.000418251124757772,-0.0015803030810514,-0.00061793484334034,0.00149932292661796,0.000654164291790121,-0.00158365939242711,0.00755532408608132,0.00871227993678055,-0.00666037533317058,0.00165018824876302,-0.000867363338897115,-0.00649646251940946,0.00421753152813134,0.00216723786426445,1.93152512081971,0.533624516100841,-1.17598195086259,-0.563428605810959,-1.1768648860836,-0.574929967922702,1.93619556284709,0.545112771992956
8.4,-2.06451885376965,-0.578395974032657,0.503484703531368,-2.25963290965598,-0.731095085500193,2.20536164842204,-2.12445986637561,-0.651878781890757,-0.00537442587805468,0.0028260896996853,0.00290966119930112,0.00565488035316124,0.00173366033621952,0.00710471888514435,0.00394207852629627,-0.00237166650407081,0.00128561414169108,-0.00118073710213265,0.00127277836854691,0.00119191588356874,0.00171386662462812,-0.000398509629971118,0.000496103386586478,0.00163321474591802,0.0146671545775383,-0.000299781148894124,0.00273066618512904,0.000259496247439018,0.00277852603732441,-0.000144778860652233,0.0145912526766694,0.000320995003836566,-1.35341590275744,-0.407009047360973,-1.37297372323236,-0.432010976942057,-1.36660065104751,-0.407335072406863,-1.35677271113976,-0.430552121456141,-0.00624658910807988,-0.00123870285862852,-0.00185867741832915,-0.00178659256530199,-0.00771736646383619,-0.00114802549842712,-0.00287243586986369,-0.00269030781983086,0.000696263814035048,0.00162488356314396,0.00155678847265614,-0.00111755899717662,0.00121263117296538,0.00165139930767929,0.00204082600564618,-0.000834623523848203,0.446939357838181,-0.0138933287100869,0.466807608583094,-0.0164066924088048,0.462607779212714,-0.013675768946048,0.45144149963214,-0.0173318361867246,0.00296645191473788,7.23834206669834E-005,0.0143325746770146,5.09900795707923E-005,0.0143725414042164,-7.45959924085177E-005,0.00291650887848283,9.60481191564407E-005,-0.000282040806852082,0.00135193547067712,0.000257802680063213,-0.00131064328431701,-0.000429366829840099,0.00125150284529785,0.000462130835516715,-0.00134165526678386,0.00656971298586568,0.00708238717865078,-0.00547811303459914,0.00207423213453687,-0.00111127126500346,-0.00524395037113024,0.00343033169416772,0.00138050852162739,1.70357081906844,0.358684123747969,-0.926770397411862,-0.390085066248264,-0.926597125358637,-0.400564725610142,1.70552597565568,0.368165860024092
8.5,-1.74921641523444,-0.418294216416109,0.404552415921467,-1.93235584946521,-0.489046551588055,1.91055170933052,-1.79794439497347,-0.472191631845162,-0.00450101556470573,0.00277859272078573,0.00232466793963058,0.00488441947716444,0.00200079008615102,0.00587088576245031,0.00324757512848031,-0.00190093805209226,0.00104294131442556,-0.00105585229342066,0.00111443126774556,0.000979465938740375,0.00143765227331085,-0.000411381815430615,0.00046130145294187,0.00136500914079759,0.0149434270572386,-0.000301529215054054,0.0028045691045638,0.000273479747499354,0.00284843235693984,-0.00014220395116845,0.0148654171631339,0.000334888855891191,-1.11724542377814,-0.287824635912164,-1.13754936552187,-0.308930649597062,-1.13114148718354,-0.288183323351072,-1.12111357923905,-0.307850232913531,-0.005653485483407,-0.00097439911086767,-0.00147173523775936,-0.00138395325135218,-0.00690335227488914,-0.000869587669025783,-0.00239698201090209,-0.00209775413856425,0.000371953064365563,0.00156293217241887,0.001202345719356,-0.00132123590513499,0.000907188787777259,0.00158989772439744,0.00171482584941651,-0.00102645698571743,0.460940484328525,-0.0146952002507694,0.481364510207016,-0.0174093058515086,0.476968837929763,-0.0144742606976434,0.46560494570476,-0.0183759404486076,0.00304618291267566,7.89405309455989E-005,0.0145962586319785,5.5336990001313E-005,0.0146419148908445,-7.14649982797957E-005,0.00299224775825905,0.000105598917272932,-0.000197766777794761,0.00116586124259023,0.000169442858598031,-0.00112144068410806,-0.000321699821717332,0.00107461797447719,0.000351967297154647,-0.0011702777805192,0.00580040170917462,0.00610871148648653,-0.00465937612826779,0.00230389966573932,-0.00119380091475086,-0.00439340497295349,0.0028398636250169,0.000913604868282981,1.54628341649591,0.259684289181492,-0.747924158543484,-0.292853462477434,-0.747144517357619,-0.303215663152938,1.54634341514992,0.268416106696778
8.6,-1.51721120326752,-0.320403507806496,0.352505829176632,-1.6955266040528,-0.33189552864186,1.69146680073828,-1.55835938952666,-0.362293186445676,-0.00388935095751217,0.00271347262287035,0.00185075988256601,0.00438094599129484,0.0021311974215967,0.00497099688080866,0.00279477382143322,-0.0015162126432225,0.000877097539595701,-0.000955847410168465,0.000992496165637331,0.000837272703664602,0.00124136042323357,-0.000407630685154101,0.000423109617778573,0.00117674654287832,0.0152197949032319,-0.000303005999106216,0.00288021006989559,0.000287867995149543,0.00291973546762025,-0.000139440943919157,0.0151393290665225,0.000348992044711352,-0.943345877977719,-0.215831072798022,-0.964092674295548,-0.234153061725957,-0.957847621271854,-0.216179674755596,-0.947390383219734,-0.233325162386147,-0.00523725041529869,-0.000823344485325273,-0.00115553590626083,-0.00112579259063643,-0.00633080506525313,-0.000721389068432001,-0.00201075555268875,-0.0017083482980554,0.000126743599719057,0.00155976081850037,0.000921332647684299,-0.00146782682420789,0.000683355769557564,0.00158860080284998,0.00146614573365435,-0.00116002319451241,0.475324600348528,-0.015560666326007,0.496306908596989,-0.0184906323150105,0.491716230524439,-0.0153358809722089,0.480147688990071,-0.019499445291149,0.00312751532955449,8.54510579375698E-005,0.0148599537402663,5.98578443895878E-005,0.0149111349224514,-6.82393869378391E-005,0.00307003765463195,0.000115462025290401,-0.000147496707487864,0.00103062870210518,0.000115704701399437,-0.000982795118352458,-0.000254367752399486,0.000943585148969706,0.00028266887118692,-0.00104473969025749,0.00520176812038479,0.00548872826396244,-0.00405659087887223,0.00245176481254301,-0.00121572549510601,-0.00377861641757883,0.00238264227936859,0.000611544218935305,1.43435943645996,0.197954019795024,-0.614077497286982,-0.233044283036299,-0.612979540349091,-0.243646675340357,1.43303408253488,0.206459385501738
8.7,-1.34012003022908,-0.256260930488857,0.324350221102648,-1.51717055495519,-0.222284523592447,1.52365181929321,-1.37600275926255,-0.290053316538692,-0.00344066374778625,0.00265277408661356,0.00146006266682064,0.00403640602091871,0.00219610211040156,0.00428250301440442,0.00248625399773209,-0.00119829494542748,0.000757215195510549,-0.000875472879265745,0.000897018001108619,0.000736306785915619,0.00109524951738887,-0.000398130751658806,0.000387340872080146,0.0010379484331773,0.0154961020259661,-0.000304138859114151,0.00295776110456521,0.00030265084469893,0.00299239161870475,-0.000136468375455259,0.0154129499923942,0.000363372263770559,-0.810231351854824,-0.169061264262458,-0.831300508711078,-0.185294486119836,-0.825275821494774,-0.169384456445586,-0.814306462430507,-0.184648360057303,-0.00493594839573134,-0.000731510891191744,-0.000890041490006836,-0.000953484691396523,-0.0059136507496217,-0.000639084449996644,-0.00168992610951056,-0.00143942575969975,-6.58060558000827E-005,0.00158954097533407,0.000687128548336804,-0.00158332829471472,0.000514350571638639,0.00162103898990872,0.00126786732868733,-0.00126204162544322,0.490104580460365,-0.0164964063819058,0.511646179164119,-0.0196578443544219,0.506862725907771,-0.0162673637350282,0.495080891601355,-0.0207095440691274,0.00321052405865051,9.19511648922885E-005,0.0151234307942852,6.45374694440111E-005,0.0151801232649369,-6.48488247240489E-005,0.00314981332686236,0.000125571852138428,-0.000115370118117109,0.000928715981450456,8.04825073285064E-005,-0.000877260195172997,-0.000209384451251181,0.000843084937481649,0.000236007456863188,-0.000949834423250951,0.00472889347468624,0.00507857093750062,-0.00358929557637921,0.00256129109769964,-0.00121320886078347,-0.0033111360594706,0.00201605265877522,0.000403915858650961,1.35254876796982,0.156568961080411,-0.509942576649792,-0.193735207731144,-0.50870686467065,-0.204738238795208,1.35015331006222,0.165095250888288
8.8,-1.20074798119774,-0.21197593750602,0.309395370999499,-1.37845103918453,-0.141491666802417,1.39161384611874,-1.23285961393975,-0.239895876457448,-0.0030996625012297,0.00260279190525543,0.00113098801393339,0.00379333486619571,0.00222648190823379,0.00373485425205643,0.00227051349049764,-0.000931005371720922,0.000666751984023862,-0.0008100381741944,0.000820848444083587,0.000661300689456223,0.000982442701584437,-0.000387059540808595,0.000355370405704249,0.000931634666100943,0.0157722228703229,-0.000304876869811671,0.00303736070732554,0.000317788848637294,0.00306639663608731,-0.00013327032008813,0.0156862216904603,0.000378059769104784,-0.704953445253432,-0.13695271689369,-0.726297737091005,-0.151556214581996,-0.72050152946583,-0.137245481314194,-0.708992778266253,-0.151048532952466,-0.00471285480237816,-0.000673496411212197,-0.000660955776560036,-0.000836697127896976,-0.005601499611908,-0.000593168895640304,-0.00141667724525449,-0.0012478778405936,-0.000221565735451639,0.00163969149677817,0.000483628990408648,-0.00168027281154762,0.000384108791027971,0.00167428123287514,0.00110374186100511,-0.00134549042350738,0.50529372755083,-0.01750982324626,0.527394028441572,-0.0209187990885342,0.522421532324998,-0.017276104249461,0.510416086444434,-0.0220140675891307,0.00329527661074459,9.84398291316443E-005,0.0153865170402798,6.93733946934811E-005,0.0154487977329274,-6.12572683826615E-005,0.0032315645168405,0.000135877921086492,-9.37513805427496E-005,0.00084961810234123,5.60041431560897E-005,-0.000794353344718586,-0.000177824585205127,0.000763686894210273,0.000202914305171595,-0.000876179282471744,0.00434896062778352,0.00480261441747638,-0.00321106142659938,0.00265116393534844,-0.00120049163639642,-0.00294076497167976,0.0017127797979832,0.000255061576365101,1.29154492328139,0.127219632493875,-0.426187241685959,-0.166626337231047,-0.424933648855465,-0.178109793663735,1.28828124644113,0.135896299013415
8.9,-1.0882511426265,-0.180138929697766,0.302204279508491,-1.26770379987143,-0.0792743423186806,1.2853374969588,-1.11758545551045,-0.203549713175485,-0.00283329259107216,0.00256467510284294,0.00084803154435358,0.00361869402465254,0.002237002171874,0.00328514041404125,0.00211809815519184,-0.000702444453842827,0.000596144694024903,-0.000755977648428267,0.000759030344970756,0.000603556116692222,0.000892756955463155,-0.000376081943541373,0.000327204325301672,0.000847694317071264,0.016048045650698,-0.000305181482643782,0.00311912957240253,0.000333225294389084,0.0031417662318121,-0.000129836929429019,0.0159590740336974,0.000393066288166894,-0.619392313617647,-0.113938464960967,-0.640995861750479,-0.127229045855499,-0.635418888573743,-0.11419984482393,-0.623365309054921,-0.126831405229515,-0.00454519146787333,-0.000636197092687998,-0.000458470234441776,-0.00075843314384359,-0.00536332913473164,-0.000568811275937035,-0.00117850019121138,-0.00110935093381829,-0.00035044641220286,0.00170347872401557,0.000300679361388629,-0.00176522429114967,0.000282613944030128,0.00174137772235715,0.000963567448246921,-0.00141725858891008,0.520905767959047,-0.0186090758328071,0.543562458006388,-0.0222820642863612,0.538406288483378,-0.0183702326035711,0.526165131302465,-0.0234215065927751,0.00338183493757255,0.0001048956105993,0.0156490684092308,7.43655151910544E-005,0.0157170721464965,-5.74456894543159E-005,0.00331530900873502,0.000146330773757433,-7.86182929830854E-005,0.000786756328901004,3.81676677646625E-005,-0.000727498435114214,-0.000154853659488781,0.000699383878916044,0.00017846342424413,-0.00081778849364979,0.00403915278799999,0.00461777516780823,-0.00289355668111525,0.00272999125786687,-0.00118343418155933,-0.00263724693112661,0.00145505954918551,0.000145343494280654,1.2454572030274,0.105443984712735,-0.356901469983211,-0.147268879310264,-0.35571603151253,-0.159275733621059,1.24146009995427,0.114344813729195
9,-0.995512662272934,-0.156509764138463,0.299809974785521,-1.17737254092987,-0.0296263317670521,1.19814637126853,-1.02275046359518,-0.176295638751802,-0.00262070251762692,0.00253791214994167,0.000600159797919988,0.00349226842218348,0.00223502956247992,0.00290598884515692,0.00201105389273661,-0.000504094073278068,0.000539517912084481,-0.00071067000703686,0.00070810229942016,0.000557790362677325,0.000819721392116468,-0.000365843195344839,0.000302450761161052,0.000779766478656197,0.016323465276658,-0.000305021838277165,0.00320317847097868,0.00034889060907247,0.00321852794613401,-0.000126163973298057,0.0162314298456446,0.000408393257719503,-0.548245922278867,-0.0968643065816403,-0.570106608442308,-0.109068656568955,-0.56473445010051,-0.0970950407545027,-0.552138978092346,-0.108761376352923,-0.00441822335249855,-0.000612351296966691,-0.000275872952474005,-0.00070855084301884,-0.00517919459748482,-0.000557976175460666,-0.000966693402752198,-0.00100922461683722,-0.000458876374017438,0.00177700390859657,0.000131620009006458,-0.00184183137988101,0.000203383098427474,0.00181827317470031,0.00084068669291425,-0.0014812702367103,0.536954838046653,-0.0198031636121345,0.560163736407153,-0.0237569612903596,0.554831068982608,-0.0195586956219126,0.542340167241662,-0.0249411088929437,0.00347025688396285,0.000111284265447368,0.0159109556767063,7.95131647665805E-005,0.0159848570073354,-5.34054027532903E-005,0.00340107915860888,0.000156877029343648,-6.76957188071356E-005,0.000735835352271265,2.46501906331003E-005,-0.000672394955915017,-0.000137665572777952,0.00064620586170308,0.000159786388315533,-0.000770701460829097,0.00378361645840283,0.00449789208816929,-0.00261864533494553,0.00280187362352486,-0.00116438020543611,-0.00238142717116612,0.00123100403378273,6.31769814627624E-005,1.21041177246023,0.0886697984166868,-0.298195708835203,-0.13310606347624,-0.297145410453853,-0.145660682612179,1.20577489658319,0.0978399801226268
